fac,institut,site_url
SB,MATHICSE,http://anmc.epfl.ch/
SV,GHI,http://ablasserlab.epfl.ch/
SV,BMI,http://len.epfl.ch/
SB,IPHYS,http://www.psi.ch/syn/
SB,PSI,http://www.psi.ch/syn/
SB,ISIC,http://las.epfl.ch/
ENAC,IIC,https://vita.epfl.ch/
STI,IBI,http://bios.epfl.ch/
STI,IBI,http://lmam.epfl.ch/
STI,IMX,http://smal.epfl.ch/
ENAC,IIC,http://lhe.epfl.ch
ENAC,IA,http://lipid.epfl.ch/
SB,IPHYS,http://lpmn.epfl.ch
SB,MATH,http://www.epfl.ch/labs/rgm/
STI,IEL,http://esl.epfl.ch/
SV,IBI,http://auwerx-lab.epfl.ch/
STI,IGM,http://lmh.epfl.ch/
SB,ISIC,https://leago.epfl.ch/
ENAC,IA,http://manslab.epfl.ch/
STI,IMT,http://pvlab.epfl.ch/
STI,IMX,http://lc.epfl.ch/
SV,IBI,http://ldcs.epfl.ch
ENAC,IIE,http://ecol.epfl.ch
SV,IBI,https://barth-lab.epfl.ch/
STI,IMX,http://pbl.epfl.ch
ENAC,IIE,http://sber.epfl.ch/
SB,IPHYS,http://lphe.epfl.ch/
SB,CERN,http://lphe.epfl.ch/
SB,ISIC,http://ggsd.epfl.ch
STI,IMT,http://galatea.epfl.ch
ENAC,IIE,http://lte.epfl.ch/
ENAC,IIE,http://eml.epfl.ch/
ENAC,IIC,http://eesd.epfl.ch/
ENAC,IIC,http://transp-or.epfl.ch/
STI,IMT,http://lasa.epfl.ch/
ENAC,IIE,http://herus.epfl.ch/
ENAC,IA,http://manslab.epfl.ch/
SV,BMI,http://lnco.epfl.ch
SV,GHI,http://blokesch-lab.epfl.ch/
SB,ISIC,http://lrmb.epfl.ch
SB,ISIC,http://lnb.epfl.ch/
ENAC,IA,http://lasur.epfl.ch/
STI,IMT,http://lpmat.epfl.ch
STI,EMPA,http://lpmat.epfl.ch
STI,IGM,http://la.epfl.ch/
STI,IGM,http://lmaf.epfl.ch/
STI,IEL,http://people.idiap.ch/bourlard
STI,IMX,http://ltp.epfl.ch/
ENAC,IA,http://lapis.epfl.ch/
SB,IPHYS,http://lqg.epfl.ch
STI,IEL,http://phosl.epfl.ch/
SV,ISREC,http://brisken-lab.epfl.ch/
STI,IMT,http://lmis1.epfl.ch/
ENAC,IIC,http://mcs.epfl.ch/
SB,IPHYS,http://lns.epfl.ch
SB,MATH,http://mns.epfl.ch/
SB,ISIC,http://lnce.epfl.ch
STI,IEL,http://tcl.epfl.ch/
ENAC,IIE,http://ecos.epfl.ch/
ENAC,IA,http://cnpa.epfl.ch/
SB,IPHYS,http://lumes.epfl.ch/
STI,IMX,http://cosmo.epfl.ch/
STI,IEL,http://lions.epfl.ch/
STI,IMT,http://aqua.epfl.ch/
SB,ISIC,http://lsu.epfl.ch
CDM,SFI,http://sfi.epfl.ch/collindufresne
SB,MATH,https://amcv.epfl.ch/
SV,ISREC,http://constam-lab.epfl.ch/
SB,ISIC,http://lcmd.epfl.ch
STI,IBI,http://lpdi.epfl.ch/
SB,IPHYS,http://lastro.epfl.ch/
SV,BMI,http://courtine-lab.epfl.ch/
SB,ISIC,http://lcsa.epfl.ch
STI,IGM,http://lammm.epfl.ch/
SB,MATHAA,http://caa.epfl.ch
SV,IBI,http://lbm.epfl.ch
SB,MATHAA,http://prob.epfl.ch/
STI,IMX,http://lc.epfl.ch/
SB,MATHAA,http://stat.epfl.ch/
SB,IPHYS,http://lbs.epfl.ch/
SV,ISREC,http://depalma-lab.epfl.ch/
CDM,MTEI,http://iipp.epfl.ch/
STI,IEL,http://rfic.epfl.ch
SV,IBI,http://deplanckelab.epfl.ch
SB,IPHYS,http://loeq.epfl.ch/
SB,IPHYS,http://lpmv.epfl.ch
ENAC,IA,http://alice.epfl.ch
SB,IPHYS,http://sois.epfl.ch/
SV,ISREC,http://duboule-lab.epfl.ch/
STI,IEL,http://pel.epfl.ch/
ENAC,IIC,http://lavoc.epfl.ch/
SB,ISIC,http://lcom.epfl.ch
STI,IEL,http://mmspg.epfl.ch/
SB,MATHAA,http://disopt.epfl.ch
SB,ISIC,http://lrm.epfl.ch
STI,IMT,http://iclab.epfl.ch
CDM,SFI,http://sfi.epfl.ch/fahlenbrach.html
STI,IBI,http://lbni.epfl.ch/
SB,SPC,http://spc.epfl.ch/
SB,ISIC,http://lcbm.epfl.ch/
CDM,SFI,http://sfi.epfl.ch/filipovic
CDM,ITPP,http://mir.epfl.ch/
ENAC,IA,http://sxl.epfl.ch/
STI,IEL,http://lwe.epfl.ch
STI,IMT,http://lis.epfl.ch/
STI,IMX,http://lmsc.epfl.ch/
CDM,MTEI,http://cemi.epfl.ch/
SB,IPHYS,http://lpmc.epfl.ch/
STI,IMX,http://lmom.epfl.ch/
ENT,CEN,http://energycenter.epfl.ch/
SV,IBI,http://lmrp.epfl.ch/
ENAC,IA,http://east.epfl.ch/
ENAC,IA,http://east.epfl.ch/
STI,IEL,http://lts4.epfl.ch
STI,IGM,http://lfmi.epfl.ch/
SB,IPHYS,https://lqno.epfl.ch
ENAC,IA,http://lth3.epfl.ch/
ENT,CTS,http://space.epfl.ch/
ENAC,IA,http://form.epfl.ch/
SB,ISIC,http://gbf.epfl.ch
ENAC,IIC,http://luts.epfl.ch/
SV,BMI,http://lcn1.epfl.ch/
STI,IBI,http://lne.epfl.ch/
STI,IMT,http://lmis2.epfl.ch/
SB,IPHYS,http://epsl.epfl.ch/
SB,ISIC,http://lepa.epfl.ch/
STI,IGM,http://lmaf.epfl.ch/
ENAC,IIC,http://bpe.epfl.ch
ENAC,IIE,http://lasig.epfl.ch/
SV,ISREC,http://gonczy-lab.epfl.ch/
SB,ISIC,https://lcbim.epfl.ch/
SB,ISIC,http://lpi.epfl.ch
ENAC,IA,http://tsam.epfl.ch/
SV,BMI,http://graefflab.epfl.ch/
SB,IPHYS,http://laspe.epfl.ch/
SB,IPHYS,http://lse.epfl.ch/
CDM,MTEI,http://entc.epfl.ch/
SB,IPHYS,http://lifmet.epfl.ch/
STI,IMX,http://lmgn.epfl.ch/
ENAC,IA,http://laba.epfl.ch
STI,IBI,http://clse.epfl.ch/
SB,ISIC,http://lspm.epfl.ch
SV,ISREC,http://hanahan-lab.epfl.ch/
SV,ISREC,http://hantschel-lab.epfl.ch/
SB,ISIC,http://lcsb.epfl.ch/
SB,MATHGEOM,http://geom.epfl.ch
STI,IGM,http://lrese.epfl.ch/
SB,IPHYS,http://lsme.epfl.ch/
SB,ISIC,http://lppt.epfl.ch/
SB,ISIC,http://gcib.epfl.ch/
STI,IMT,http://instantlab.epfl.ch/
ENAC,IIE,http://www.eawag.ch/ueberuns/portraet/organisation/mitarbeitende/profile/janet-hering/
ENAC,EAWAG,http://www.eawag.ch/ueberuns/portraet/organisation/mitarbeitende/profile/janet-hering/
STI,IMT,http://opt.epfl.ch/
SV,BMI,http://lpsy.epfl.ch
SV,BMI,http://hessbellwald-lab.epfl.ch/
SB,MATHICSE,http://mcss.epfl.ch/
ENT,CBS,http://people.epfl.ch/cgi-bin/people?id=173529
ENAC,IIE,http://lbe.epfl.ch/
SB,MATHAA,http://csft.epfl.ch/
SB,IPHYS,http://laspe.epfl.ch/
SB,ISIC,http://lsci.epfl.ch/
SV,ISREC,http://huelsken-lab.epfl.ch/
CDM,SFI,http://sfi.epfl.ch/hugonnier.html
SV,BMI,http://hummel-lab.epfl.ch
STI,IBI,http://biorob.epfl.ch/
STI,IEL,http://nanolab.epfl.ch/
SB,MATHGEOM,http://grjet.epfl.ch
SB,ISIC,http://lip.epfl.ch
STI,IGM,http://la.epfl.ch/
CDH,DHI,http://dhlab.epfl.ch/
SB,IPHYS,http://lpn.epfl.ch
ENAC,IA,http://lasur.epfl.ch
STI,IEL,http://elab.epfl.ch/
ENAC,IIC,http://cclab.epfl.ch/
CDH,DHI,https://emplus.epfl.ch/
SB,IPHYS,http://lsen.epfl.ch/
STI,IEL,http://k-lab.epfl.ch
ENAC,IIC,https://tebel.epfl.ch/
STI,IEL,http://lanes.epfl.ch/
STI,IMX,http://lp.epfl.ch/
SB,IPHYS,http://lastro.epfl.ch/
ENAC,IIE,http://lce.epfl.ch/
SB,MATHICSE,http://anchp.epfl.ch/
SB,MATHAA,http://pde.epfl.ch
CDM,MTEI,http://rao.epfl.ch/
STI,IGM,http://ict4sm.epfl.ch
STI,IMT,http://lsbi.epfl.ch/
ENAC,IIC,http://lms.epfl.ch/
CDM,SFI,http://cfi.epfl.ch/
SV,BMI,http://lashuel-lab.epfl.ch
SB,ISIC,http://gcee.epfl.ch
STI,IEL,http://lsm.epfl.ch/
ENAC,IIC,http://gel.epfl.ch/
ENAC,IIE,http://cryos.epfl.ch/
SV,GHI,http://lemaitrelab.epfl.ch
ENAC,IIC,https://hobel.epfl.ch/
ENAC,IIC,http://resslab.epfl.ch/
SV,ISREC,http://lingner-lab.epfl.ch/
STI,IMX,http://lmtm.epfl.ch
SB,ISIC,http://lnd.epfl.ch/
ENAC,IIE,https://www.psi.ch/cpm
ENAC,PSI,https://www.psi.ch/cpm
SB,ISIC,http://lpdc.epfl.ch
SV,IBI,http://lscb.epfl.ch/
SB,MATHGEOM,http://lcvmwww.epfl.ch/
STI,IBI,http://lbnc.epfl.ch/
SV,BMI,http://bmi.epfl.ch/page61215.html
CDM,SFI,http://sfi.epfl.ch
SB,IPHYS,http://leb.epfl.ch/
STI,IMX,http://ltc.epfl.ch
ENAC,IA,http://ltha.epfl.ch/
STI,IGM,http://ipese.epfl.ch/
SB,IPHYS,http://lprx.epfl.ch/
SV,BMI,http://markram-lab.epfl.ch
STI,IMT,http://nam.epfl.ch/
ENAC,IIE,http://disal.epfl.ch/
STI,IMX,http://theos.epfl.ch/
STI,IEL,http://powerlab.epfl.ch
SB,ISIC,http://gcc.epfl.ch/
SV,BMI,http://mccabelab.epfl.ch/
SV,GHI,http://mckinney-lab.epfl.ch/
ENAC,IIE,http://lgb.epfl.ch/
ENAC,IIE,http://topo.epfl.ch/
SV,ISREC,http://meylan-lab.epfl.ch/
STI,IBI,http://tne.epfl.ch/
STI,IMX,http://ltc.epfl.ch/
SB,MATHGEOM,http://tan.epfl.ch/
SB,IPHYS,http://ctmc.epfl.ch/
STI,IBI,http://cnbi.epfl.ch/
ENAC,IIC,http://lsms.epfl.ch
STI,IMT,http://lsro.epfl.ch/
SB,MATHGEOM,http://egg.epfl.ch/
CDM,SFI,http://sfi.epfl.ch/morellec.html
SB,MATHAA,http://stap.epfl.ch/
STI,IMX,http://lmm.epfl.ch
SB,ISIC,http://gdp.epfl.ch/
STI,IMT,http://lapd.epfl.ch/
STI,IEL,http://lema.epfl.ch/
SB,MATHAA,http://prst.epfl.ch/
STI,IGM,https://unfold.epfl.ch/
STI,IMX,http://lc.epfl.ch
ENAC,IIC,http://ibeton.epfl.ch
SV,IBI,http://naef-lab.epfl.ch/
SB,IPHYS,http://lphe.epfl.ch/
SV,IBI,http://naveiras-lab.epfl.ch/
SB,ISIC,http://gmf.epfl.ch/
ENAC,IIE,https://lapi.epfl.ch/
SB,MATHAA,http://cama.epfl.ch
SB,MATHICSE,http://csqi.epfl.ch/
ENAC,IIC,http://resslab.epfl.ch/
SV,IBI,http://oateslab.epfl.ch/
SV,ISREC,http://oricchiolab.epfl.ch/
ENAC,IA,http://lcc.epfl.ch/
SB,MATHGEOM,http://dcg.epfl.ch/
STI,IGM,http://rrl.epfl.ch/
SB,MATHAA,http://smat.epfl.ch/
STI,IEL,http://desl-pwrs.epfl.ch
SB,IPHYS,http://csea.epfl.ch
SB,MATHGEOM,http://cag.epfl.ch
SB,IPHYS,http://lrs.epfl.ch/
SB,PSI,http://lrs.epfl.ch/
SB,IPHYS,http://lpmc.epfl.ch/
SB,IPHYS,http://fsl.epfl.ch/
STI,IMT,http://lai.epfl.ch/
SV,GHI,https://www.p-lab.science/
SV,BMI,http://lsens.epfl.ch/
SB,MATHICSE,http://asn.epfl.ch/
STI,IBI,http://lbo.epfl.ch/
ENAC,IIE,http://wire.epfl.ch/
STI,IMT,http://lo.epfl.ch/
SB,ISIC,http://gpao.epfl.ch/
STI,IMT,http://q-lab.epfl.ch/
SB,ISIC,http://lfim.epfl.ch/
STI,IEL,http://emc.epfl.ch/
STI,IBI,http://lben.epfl.ch/
SV,ISREC,http://radtke-lab.epfl.ch/
SB,IPHYS,https://lpbs.epfl.ch/
SV,,http://www.unifr.ch/inph/vclab
SV,BMI,https://ramdya-lab.epfl.ch/
ENAC,IIC,http://imac.epfl.ch/
SB,IPHYS,http://lptp.epfl.ch/
STI,IGM,https://flexlab.epfl.ch
STI,IMT,http://lmis4.epfl.ch/
ENAC,IA,http://last.epfl.ch/
SB,SPC,http://spc.epfl.ch/
ENAC,IIE,http://echo.epfl.ch
SB,IPHYS,http://lpap.epfl.ch/
SB,PSI,http://lpap.epfl.ch/
SB,ISIC,http://lcpm.epfl.ch
STI,IBI,http://lbp.epfl.ch/
SB,IPHYS,http://lqm.epfl.ch
SB,ISIC,http://lcbc.epfl.ch/
STI,IMT,http://lpm.epfl.ch
STI,IGM,http://microbs.epfl.ch/
IC,GHI,http://salathelab.epfl.ch/
SV,GHI,http://salathelab.epfl.ch/
SV,BMI,http://lgc.epfl.ch
SB,IPHYS,http://ltpn.epfl.ch/
STI,IEL,https://asl.epfl.ch
ENAC,IIC,http://leso.epfl.ch/
STI,IGM,http://lamd.epfl.ch/
ENAC,IIE,http://tox.epfl.ch/
SV,BMI,http://lsym.epfl.ch
SB,IPHYS,http://lphe.epfl.ch
STI,IGM,http://ecps.epfl.ch
SV,IBI,http://schoonjans-lab.epfl.ch/
ENT,CBS,http://bluebrain.epfl.ch/
STI,IMX,http://lmc.epfl.ch/
CDM,MTEI,http://tom.epfl.ch/
STI,IMT,http://esplab.epfl.ch/
STI,IMX,http://lc.epfl.ch/
SB,ISIC,http://lcs.epfl.ch/
SB,IPHYS,http://lppc.epfl.ch/
STI,IMT,http://lmts.epfl.ch/
SV,ISREC,http://simanis-lab.epfl.ch/
SB,ISIC,http://limno.epfl.ch/
STI,IEL,http://lema.epfl.ch/
SB,ISIC,http://lsmo.epfl.ch/
ENAC,IIC,http://imac.epfl.ch
STI,IMX,http://fimap.epfl.ch/
ENAC,SWL,http://www.wsl.ch/info/mitarbeitende/steffen/index_EN
STI,IMX,http://sunmil.epfl.ch/
STI,IBI,http://lhtc.epfl.ch/
SV,IBI,http://suter-lab.epfl.ch/
STI,IGM,https://lnet.epfl.ch/
ENAC,IIE,http://aprl.epfl.ch/
STI,IMX,http://tang-lab.epfl.ch/
SB,MATHGEOM,http://gr-tes.epfl.ch/
ENAC,IA,http://leure.epfl.ch/
STI,IEL,http://gfo.epfl.ch/
STI,IEL,http://lts5www.epfl.ch/
STI,IGM,http://ltcm.epfl.ch/
STI,IMX,http://ine.epfl.ch/
ENAC,IA,http://far.epfl.ch/
SB,SPC,http://spc.epfl.ch/
SV,GHI,http://tronolab.epfl.ch/
SB,MATHGEOM,http://sma.epfl.ch/~troyanov/
CDM,MTEI,http://csi.epfl.ch/
STI,IMT,http://bigwww.epfl.ch/
STI,IBI,http://miplab.epfl.ch/
SV,GHI,http://vdg.epfl.ch/
ENAC,IA,http://acht.epfl.ch
STI,PSI,http://www.psi.ch/nxmm/
STI,IMX,http://www.psi.ch/nxmm/
STI,IEL,https://lts2.epfl.ch/
SB,ISIC,http://lcpt.epfl.ch/
SB,MATH,http://tn.epfl.ch/
ENAC,IA,http://lab-u.epfl.ch/
STI,IMT,http://nems.epfl.ch/
SB,SPC,http://spc.epfl.ch/theory
ENAC,IIC,http://lemr.epfl.ch
ENAC,IIE,http://ltqe.epfl.ch
ENAC,IIC,http://lms.epfl.ch/
SB,ISIC,http://lcso.epfl.ch/
CDM,MTEI,http://oes.epfl.ch/
ENAC,IIC,http://ibois.epfl.ch/
CDM,MTEI,http://lem.epfl.ch/
ENAC,IIE,http://aphys.epfl.ch/
SB,IPHYS,http://pcsl.epfl.ch/
SB,IPHYS,http://gr-yaz.epfl.ch/
CDM,MTEI,http://tis.epfl.ch/
SB,ISIC,http://lspn.epfl.ch/
SB,ISIC,http://lmer.epfl.ch
SB,SPC,http://spc.epfl.ch/research_TCV
SB,IPHYS,http://lphe.epfl.ch/
STI,IMT,http://lmis1.epfl.ch/
IC,GR-SCI-IC,http://iig.epfl.ch/
STI,IMX,https://lpac.epfl.ch/
SB,ISIC,http://lcpm.epfl.ch/
STI,IMT,http://lmts.epfl.ch/
SB,SPC,http://spc.epfl.ch/research_theory
SB,MATHAA,http://caa.epfl.ch/
SB,IPHYS,http://laspe.epfl.ch/
SB,ISIC,http://gcc.epfl.ch/
ENAC,IA,http://ceat.epfl.ch/
STI,IEL,http://desl-pwrs.epfl.ch/
SB,SPC,http://spc.epfl.ch/research_TCV
ENAC,IA,http://lab-u.epfl.ch/
SB,SPC,http://spc.epfl.ch/research_theory
ENAC,IIC,http://mcs.epfl.ch/
SB,ISIC,http://lcpm.epfl.ch/drabbels
STI,IMX,http://tic.epfl.ch/
SB,IPHYS,http://lpn.epfl.ch/
SB,IPHYS,http://laspe.epfl.ch/
IC,,http://supra.epfl.ch/
SB,SPC,http://spc.epfl.ch/research_TCV
STI,IGM,http://lmh.epfl.ch/
SV,GHI,http://fellay-lab.epfl.ch/
ENAC,IIC,http://ibeton.epfl.ch/Person/Migferna/
STI,IEL,http://www.idiap.ch/~fleuret/
SB,SPC,http://spc.epfl.ch/research_basicplasmas
STI,,http://react.epfl.ch/
SB,SPC,http://spc.epfl.ch/research_theory
SB,IPHYS,http://lns.epfl.ch/
STI,IMT,http://pvlab.epfl.ch/
STI,IMT,http://pvlab.epfl.ch/
SB,SPC,http://spc.epfl.ch/research_collaborations
SB,ISIC,http://lip.epfl.ch/
SV,PTECH,http://bioem.epfl.ch
ENAC,IIC,http://imac.epfl.ch/
STI,IMX,http://ltc.epfl.ch/
STI,IGM,http://iag.epfl.ch/
STI,IMT,http://hl.epfl.ch/
SB,IPHYS,http://lpmc.epfl.ch/
STI,IEL,http://gramm.epfl.ch/
SB,ISIC,http://gscp.epfl.ch/
STI,IMX,http://tic.epfl.ch/
SB,SPC,http://spc.epfl.ch/research_TCV
SB,IPHYS,http://lastro.epfl.ch/
SB,IPHYS,http://loeq.epfl.ch
STI,IEL,http://idiap.epfl.ch/
SB,ISIC,http://lcpm.epfl.ch
STI,IGM,http://gtt.epfl.ch/
ENAC,IA,http://lasur.epfl.ch/
ENAC,IA,http://lasur.epfl.ch/
STI,IMX,http://ltc.epfl.ch
SB,IPHYS,http://loeq.epfl.ch
SB,IPHYS,http://lrs.epfl.ch/
IC,,http://hci.epfl.ch/
SB,IPHYS,http://lns.epfl.ch
STI,IEL,http://edlab.epfl.ch/
SB,SPC,http://spc.epfl.ch/research_theory
STI,,http://acces.epfl.ch/
STI,IMT,http://opt.epfl.ch/
SV,BMI,http://hessbellwald-lab.epfl.ch
STI,IEL,http://lsm.epfl.ch/
SV,BMI,http://len.epfl.ch/
SB,IPHYS,http://lppc.epfl.ch/
ENAC,IIE,http://topo.epfl.ch/
STI,IMX,http://nanolab.epfl.ch/
STI,IMX,http://lc.epfl.ch/
SV,PTECH,http://bsf.epfl.ch/
STI,IGM,http://leni.epfl.ch
ENAC,IIC,http://cclab.epfl.ch/
SB,IPHYS,http://lcb.epfl.ch
STI,IEL,http://aspg.epfl.ch/
SB,IPHYS,http://lcom.epfl.ch/wagnieres
STI,IMX,http://lmm.epfl.ch/
SB,SPC,http://spc.epfl.ch/research_collaborations
SB,ISIC,http://lpi.epfl.ch/
SB,ISIC,http://lspm.epfl.ch/
SB,,https://mds.epfl.ch/
IC,,https://mds.epfl.ch/
IC,,http://lsir.epfl.ch/
IC,,http://dias.epfl.ch/
IC,,http://nal.epfl.ch/
IC,,http://dcsl.epfl.ch/
IC,,http://dslab.epfl.ch/
IC,,http://lsi.epfl.ch
IC,,http://lams.epfl.ch/
IC,,http://chili.epfl.ch
IC,,http://parsa.epfl.ch/
IC,,http://liawww.epfl.ch
IC,,https://dedis.epfl.ch/
IC,,http://cvlab.epfl.ch
IC,,http://linx.epfl.ch
IC,,https://indy.epfl.ch/
IC,,http://dcl.epfl.ch/site/
IC,,http://ldm.epfl.ch
IC,,http://lca.epfl.ch/
IC,,http://lap.epfl.ch/
IC,,http://mlo.epfl.ch/
IC,,https://rgl.epfl.ch
IC,,http://theory.epfl.ch/kapralov/
IC,,http://data.epfl.ch/
IC,,http://lara.epfl.ch
IC,,http://vlsc.epfl.ch/
IC,,http://lca.epfl.ch/
IC,,http://lacal.epfl.ch/
IC,,http://lcbb.epfl.ch/
IC,,http://lamp.epfl.ch/
IC,,http://lgg.epfl.ch/
IC,,http://lcmwww.epfl.ch/
IC,,http://salathelab.epfl.ch/
SV,,http://salathelab.epfl.ch/
IC,,http://algo.epfl.ch/
IC,,http://ivrl.epfl.ch/
IC,,http://tcs.epfl.ch/
IC,,http://ipg.epfl.ch/
IC,,http://lca.epfl.ch/
IC,,http://carmelatroncoso.com/
IC,,http://lthcwww.epfl.ch/
IC,,http://lasec.epfl.ch/
IC,,http://lcav.epfl.ch/
IC,,http://lams.epfl.ch/
IC,,http://dlab.epfl.ch/people/west/
IC,,http://labos.epfl.ch/
IC,,http://ipg.epfl.ch/~leveque/
IC,,http://ipg.epfl.ch/